{
  "n_queries": 20,
  "recall_at_1": 0.6,
  "recall_at_3": 0.7,
  "recall_at_5": 0.7,
  "mrr": 0.6416666666666666,
  "avg_latency_ms": 0.08651499956613407,
  "backend": "tfidf",
  "n_docs": 63
}