{
  "method": "dual_source_rrf",
  "arxiv": "2604.24222 (MEMCoder)",
  "n_docs": 63,
  "n_queries": 20,
  "n_sources": 6,
  "static_only": {
    "recall_at_1": 0.6,
    "recall_at_3": 0.7,
    "recall_at_5": 0.7,
    "mrr": 0.6416666666666666,
    "avg_latency_ms": 0.18180000042775646
  },
  "with_memory": {
    "recall_at_1": 0.05,
    "recall_at_3": 0.35,
    "recall_at_5": 0.7,
    "mrr": 0.23500000000000001,
    "memory_size": 20
  }
}